title;address;areaserved;contact
Brick Lane Realty;Kherson;Kherson oblast;0349800373'
Brick Lane Realty;Chernigov;Chernigov oblast;'0142150326'
Equitable Property Group;Kherson;Kherson;'0777260071'
Citadel Partners Realty;Kherson;Kherson;'0885766140'
Brick Lane Realty;Kherson;Kherson oblast;'0926757614'
Equitable Property Group;Chernigov;Chernigov oblast;'0467047875'
Citadel Partners Realty;Kherson;Kherson oblast;'0475971125'
Citadel Partners Realty;Simferopol;Avtonomnaya Respublika Krym;'0899635192'
Equitable Property Group;Simferopol;Simferopol;'0660812553'
Brick Lane Realty;Simferopol;Simferopol;'0167321497'
Brick Lane Realty;Simferopol;Avtonomnaya Respublika Krym;'0264572156'
Rise Real Estate;Chernigov;Chernigov oblast;'0847558451'
Citadel Partners Realty;Chernigov;Chernigov;'0497802890'
Citadel Partners Realty;Chernigov;Chernigov;0322244515'
Citadel Partners Realty;Chernigov;Chernigov;'0281861674'
Rise Real Estate;Lvov;Lvov;'0673845517'
Rise Real Estate;Lvov;Lvov oblast;'0812258028'
Equitable Property Group;Simferopol;Avtonomnaya Respublika Krym;'0175470048'
Rise Real Estate;Lvov;Lvov oblast;'0568226685'